! Planar, Obzor-304, 08055001, 21.3.2/2
! Date: 24.03.2023 10:49:17
! Stimulus(Гц),    S22(R : Ω),        S22(jX : Ω)
1.00000000000E+08,+4.00468741381E+00,-2.06639533468E+02
1.01500000000E+08,+3.93539020733E+00,-2.03389429815E+02
1.03000000000E+08,+3.71225786633E+00,-2.00369759552E+02
1.04500000000E+08,+3.59945531607E+00,-1.97197866229E+02
1.06000000000E+08,+3.51993821165E+00,-1.94350317953E+02
1.07500000000E+08,+3.58843938192E+00,-1.91391138484E+02
1.09000000000E+08,+3.42296834024E+00,-1.88637125006E+02
1.10500000000E+08,+3.32534364889E+00,-1.85957520113E+02
1.12000000000E+08,+3.24947875201E+00,-1.83410941537E+02
1.13500000000E+08,+3.16847774474E+00,-1.80869611742E+02
1.15000000000E+08,+3.04437648376E+00,-1.78356625696E+02
1.16500000000E+08,+3.01071508802E+00,-1.75997857109E+02
1.18000000000E+08,+2.97899306080E+00,-1.73614302364E+02
1.19500000000E+08,+2.97617857880E+00,-1.71264937526E+02
1.21000000000E+08,+2.85041538104E+00,-1.69018233086E+02
1.22500000000E+08,+2.77971214249E+00,-1.66875228415E+02
1.24000000000E+08,+2.73847886029E+00,-1.64632551914E+02
1.25500000000E+08,+2.60589000821E+00,-1.62575174485E+02
1.27000000000E+08,+2.65329257487E+00,-1.60532418566E+02
1.28500000000E+08,+2.50248018518E+00,-1.58525448781E+02
1.30000000000E+08,+2.51372387779E+00,-1.56456872491E+02
1.31500000000E+08,+2.41339872213E+00,-1.54539359915E+02
1.33000000000E+08,+2.40681486545E+00,-1.52644404319E+02
1.34500000000E+08,+2.44063899505E+00,-1.50906632587E+02
1.36000000000E+08,+2.46408375824E+00,-1.49101637872E+02
1.37500000000E+08,+2.37295644987E+00,-1.47496260000E+02
1.39000000000E+08,+2.44578160869E+00,-1.45755841697E+02
1.40500000000E+08,+2.25051820364E+00,-1.44012198393E+02
1.42000000000E+08,+2.35639092545E+00,-1.42453896815E+02
1.43500000000E+08,+2.23541423172E+00,-1.40803170887E+02
1.45000000000E+08,+2.15190051259E+00,-1.39222241554E+02
1.46500000000E+08,+2.08293168112E+00,-1.37666414110E+02
1.48000000000E+08,+2.12446584134E+00,-1.36140438614E+02
1.49500000000E+08,+2.08914140082E+00,-1.34605189247E+02
1.51000000000E+08,+2.05245609313E+00,-1.33120439668E+02
1.52500000000E+08,+2.03005908255E+00,-1.31699591777E+02
1.54000000000E+08,+1.94970979347E+00,-1.30294828161E+02
1.55500000000E+08,+1.94007069956E+00,-1.28933590021E+02
1.57000000000E+08,+1.82385291185E+00,-1.27591626249E+02
1.58500000000E+08,+1.83667248750E+00,-1.26192453687E+02
1.60000000000E+08,+1.77664087191E+00,-1.24956289081E+02
1.61500000000E+08,+1.73894858871E+00,-1.23635020323E+02
1.63000000000E+08,+1.74677079264E+00,-1.22374061390E+02
1.64500000000E+08,+1.74187511521E+00,-1.21143194084E+02
1.66000000000E+08,+1.75315818019E+00,-1.19829482974E+02
1.67500000000E+08,+1.71835606990E+00,-1.18618514208E+02
1.69000000000E+08,+1.60384841444E+00,-1.17430154662E+02
1.70500000000E+08,+1.61152521859E+00,-1.16371293896E+02
1.72000000000E+08,+1.57177266374E+00,-1.15270946958E+02
1.73500000000E+08,+1.57107678578E+00,-1.14125040337E+02
1.75000000000E+08,+1.53503623033E+00,-1.13003630713E+02
1.76500000000E+08,+1.50786706340E+00,-1.11902881890E+02
1.78000000000E+08,+1.56768524802E+00,-1.10866217859E+02
1.79500000000E+08,+1.51440482489E+00,-1.09782939757E+02
1.81000000000E+08,+1.53985401680E+00,-1.08720980949E+02
1.82500000000E+08,+1.51041293602E+00,-1.07716547923E+02
1.84000000000E+08,+1.50214587430E+00,-1.06662117716E+02
1.85500000000E+08,+1.45407701257E+00,-1.05726872280E+02
1.87000000000E+08,+1.51151209532E+00,-1.04802072814E+02
1.88500000000E+08,+1.40951977525E+00,-1.03908266346E+02
1.90000000000E+08,+1.45335567319E+00,-1.02994567399E+02
1.91500000000E+08,+1.38936398556E+00,-1.02035119361E+02
1.93000000000E+08,+1.37600727043E+00,-1.01162061196E+02
1.94500000000E+08,+1.40660094645E+00,-1.00298944780E+02
1.96000000000E+08,+1.34638534138E+00,-9.93808773025E+01
1.97500000000E+08,+1.32329194957E+00,-9.85036665884E+01
1.99000000000E+08,+1.25526223660E+00,-9.76410495027E+01
2.00500000000E+08,+1.26791358388E+00,-9.68085637535E+01
2.02000000000E+08,+1.21253744572E+00,-9.59207206524E+01
2.03500000000E+08,+1.20608322433E+00,-9.51149347309E+01
2.05000000000E+08,+1.21578836121E+00,-9.42983570072E+01
2.06500000000E+08,+1.21200622205E+00,-9.35171305842E+01
2.08000000000E+08,+1.21171718287E+00,-9.27469727751E+01
2.09500000000E+08,+1.18782546567E+00,-9.18876143608E+01
2.11000000000E+08,+1.19328222660E+00,-9.11463108986E+01
2.12500000000E+08,+1.17251319263E+00,-9.03276722687E+01
2.14000000000E+08,+1.16382093196E+00,-8.96010342800E+01
2.15500000000E+08,+1.18108900021E+00,-8.88736730643E+01
2.17000000000E+08,+1.17375513822E+00,-8.81069134450E+01
2.18500000000E+08,+1.16058262809E+00,-8.74182670525E+01
2.20000000000E+08,+1.12379932018E+00,-8.66895210600E+01
2.21500000000E+08,+1.14507154102E+00,-8.59779760152E+01
2.23000000000E+08,+1.12426160976E+00,-8.52598650897E+01
2.24500000000E+08,+1.10550010504E+00,-8.45710845891E+01
2.26000000000E+08,+1.08557034171E+00,-8.38760296192E+01
2.27500000000E+08,+1.08688247647E+00,-8.32015581203E+01
2.29000000000E+08,+1.08918931449E+00,-8.25333983208E+01
2.30500000000E+08,+1.08672546017E+00,-8.18373257407E+01
2.32000000000E+08,+1.12094693419E+00,-8.11880023894E+01
2.33500000000E+08,+1.08363860994E+00,-8.05166151041E+01
2.35000000000E+08,+1.06430538648E+00,-7.98637107569E+01
2.36500000000E+08,+1.08586912608E+00,-7.92092841235E+01
2.38000000000E+08,+1.07864638199E+00,-7.86363855790E+01
2.39500000000E+08,+1.05870193180E+00,-7.80047752038E+01
2.41000000000E+08,+1.07646126822E+00,-7.73847287989E+01
2.42500000000E+08,+1.06670666595E+00,-7.67860643366E+01
2.44000000000E+08,+1.07351867614E+00,-7.61536322241E+01
2.45500000000E+08,+1.11364848082E+00,-7.55678699777E+01
2.47000000000E+08,+1.08936741385E+00,-7.49713855258E+01
2.48500000000E+08,+1.09673456729E+00,-7.43694814865E+01
2.50000000000E+08,+1.07495904597E+00,-7.37682097137E+01
2.51500000000E+08,+1.07445424106E+00,-7.32000675083E+01
2.53000000000E+08,+1.05571383782E+00,-7.26469964522E+01
2.54500000000E+08,+1.11139715869E+00,-7.20947679254E+01
2.56000000000E+08,+1.07850334059E+00,-7.15064988056E+01
2.57500000000E+08,+1.06788083889E+00,-7.09653115218E+01
2.59000000000E+08,+1.08858124124E+00,-7.03971211052E+01
2.60500000000E+08,+1.06664276195E+00,-6.98344303724E+01
2.62000000000E+08,+1.05219029812E+00,-6.93058762483E+01
2.63500000000E+08,+1.00794515368E+00,-6.87918174638E+01
2.65000000000E+08,+9.88378510640E-01,-6.82520431551E+01
2.66500000000E+08,+1.00377070672E+00,-6.77303295587E+01
2.68000000000E+08,+1.00344321349E+00,-6.71956291768E+01
2.69500000000E+08,+1.00417302083E+00,-6.66474111879E+01
2.71000000000E+08,+1.00637091530E+00,-6.61568987410E+01
2.72500000000E+08,+1.01566568402E+00,-6.56648031951E+01
2.74000000000E+08,+1.02521913696E+00,-6.51338637071E+01
2.75500000000E+08,+1.03723761686E+00,-6.46273641551E+01
2.77000000000E+08,+1.00119230882E+00,-6.41406269993E+01
2.78500000000E+08,+9.89191547294E-01,-6.36736131322E+01
2.80000000000E+08,+9.53998991812E-01,-6.31805697569E+01
2.81500000000E+08,+9.37486132706E-01,-6.26965208725E+01
2.83000000000E+08,+9.15310826594E-01,-6.21925362291E+01
2.84500000000E+08,+9.14924224382E-01,-6.17056129115E+01
2.86000000000E+08,+9.01294114549E-01,-6.11723961925E+01
2.87500000000E+08,+9.04369538437E-01,-6.06976889060E+01
2.89000000000E+08,+8.72910284206E-01,-6.02105901421E+01
2.90500000000E+08,+8.99563183664E-01,-5.97385779607E+01
2.92000000000E+08,+9.26423341187E-01,-5.92884438439E+01
2.93500000000E+08,+9.32571881300E-01,-5.88358297331E+01
2.95000000000E+08,+9.37797919341E-01,-5.83892990665E+01
2.96500000000E+08,+9.26133950957E-01,-5.79043636138E+01
2.98000000000E+08,+9.08531595635E-01,-5.74485974326E+01
2.99500000000E+08,+9.04462631550E-01,-5.69851032738E+01
3.01000000000E+08,+9.05163182636E-01,-5.65487921736E+01
3.02500000000E+08,+9.00301603806E-01,-5.61253245892E+01
3.04000000000E+08,+8.90343615607E-01,-5.56945852130E+01
3.05500000000E+08,+8.76071142239E-01,-5.52613054614E+01
3.07000000000E+08,+8.92784339221E-01,-5.48382640431E+01
3.08500000000E+08,+8.73257626163E-01,-5.44121922654E+01
3.10000000000E+08,+8.64697986828E-01,-5.39893853082E+01
3.11500000000E+08,+8.59102419562E-01,-5.35575317232E+01
3.13000000000E+08,+8.64893932757E-01,-5.31391885745E+01
3.14500000000E+08,+8.59998734453E-01,-5.27228566222E+01
3.16000000000E+08,+8.78906883195E-01,-5.23033854613E+01
3.17500000000E+08,+8.99761454833E-01,-5.18616405958E+01
3.19000000000E+08,+9.02074013356E-01,-5.14428435218E+01
3.20500000000E+08,+9.11999178088E-01,-5.10242133862E+01
3.22000000000E+08,+9.42789168869E-01,-5.05901255036E+01
3.23500000000E+08,+9.41295031183E-01,-5.01929160448E+01
3.25000000000E+08,+9.76823543212E-01,-4.98099211488E+01
3.26500000000E+08,+1.00496693170E+00,-4.94422316998E+01
3.28000000000E+08,+9.96886812922E-01,-4.90787554801E+01
3.29500000000E+08,+1.00595178895E+00,-4.87152192642E+01
3.31000000000E+08,+1.01589101870E+00,-4.83437686442E+01
3.32500000000E+08,+1.00805589789E+00,-4.79464269220E+01
3.34000000000E+08,+9.94770783627E-01,-4.75723708140E+01
3.35500000000E+08,+9.97897516918E-01,-4.71919483698E+01
3.37000000000E+08,+9.77899132459E-01,-4.67877139641E+01
3.38500000000E+08,+9.93038766746E-01,-4.63998333521E+01
3.40000000000E+08,+9.84382985417E-01,-4.60293430008E+01
3.41500000000E+08,+9.97065841143E-01,-4.56425574727E+01
3.43000000000E+08,+9.84754146412E-01,-4.52721910146E+01
3.44500000000E+08,+9.73859276462E-01,-4.48898504223E+01
3.46000000000E+08,+9.66960789688E-01,-4.45208604368E+01
3.47500000000E+08,+9.81867304270E-01,-4.41517436072E+01
3.49000000000E+08,+9.87726287430E-01,-4.37999389325E+01
3.50500000000E+08,+9.75667072470E-01,-4.34388027372E+01
3.52000000000E+08,+1.00028364211E+00,-4.30684277533E+01
3.53500000000E+08,+1.00133283904E+00,-4.26705557548E+01
3.55000000000E+08,+1.00436404851E+00,-4.23078896716E+01
3.56500000000E+08,+1.02723049921E+00,-4.19399057687E+01
3.58000000000E+08,+1.03234058820E+00,-4.15503226604E+01
3.59500000000E+08,+1.04241074954E+00,-4.11869599810E+01
3.61000000000E+08,+1.06018799060E+00,-4.08064899194E+01
3.62500000000E+08,+1.08918765592E+00,-4.04448666224E+01
3.64000000000E+08,+1.10422590662E+00,-4.00914564617E+01
3.65500000000E+08,+1.11351583764E+00,-3.97292311525E+01
3.67000000000E+08,+1.10519943630E+00,-3.93450807014E+01
3.68500000000E+08,+1.11518958108E+00,-3.89755028098E+01
3.70000000000E+08,+1.13411160965E+00,-3.86165753022E+01
3.71500000000E+08,+1.15171679270E+00,-3.82677648004E+01
3.73000000000E+08,+1.16512639071E+00,-3.79044414294E+01
3.74500000000E+08,+1.17645667419E+00,-3.75613800325E+01
3.76000000000E+08,+1.21581602058E+00,-3.71906924497E+01
3.77500000000E+08,+1.22448459894E+00,-3.68297722535E+01
3.79000000000E+08,+1.26411698946E+00,-3.64539474366E+01
3.80500000000E+08,+1.29623961340E+00,-3.60935451772E+01
3.82000000000E+08,+1.32893060344E+00,-3.57150927718E+01
3.83500000000E+08,+1.36783337968E+00,-3.53476684340E+01
3.85000000000E+08,+1.41394870157E+00,-3.49895021671E+01
3.86500000000E+08,+1.46927129165E+00,-3.46374981526E+01
3.88000000000E+08,+1.48731525069E+00,-3.43064682277E+01
3.89500000000E+08,+1.52061704039E+00,-3.39623638295E+01
3.91000000000E+08,+1.54803049962E+00,-3.35948563232E+01
3.92500000000E+08,+1.58637430541E+00,-3.32529499390E+01
3.94000000000E+08,+1.62810200415E+00,-3.29013868487E+01
3.95500000000E+08,+1.65920358883E+00,-3.25498080241E+01
3.97000000000E+08,+1.69756746334E+00,-3.22105255044E+01
3.98500000000E+08,+1.74700516707E+00,-3.18803099751E+01
4.00000000000E+08,+1.79301911810E+00,-3.15361420135E+01
4.01500000000E+08,+1.82596813115E+00,-3.12045537495E+01
4.03000000000E+08,+1.87477384646E+00,-3.08774943054E+01
4.04500000000E+08,+1.91418714429E+00,-3.05323211884E+01
4.06000000000E+08,+1.95374571206E+00,-3.01987611475E+01
4.07500000000E+08,+1.98874628046E+00,-2.98653683860E+01
4.09000000000E+08,+2.01646542245E+00,-2.95172217481E+01
4.10500000000E+08,+2.02887932013E+00,-2.91865698296E+01
4.12000000000E+08,+2.07834452034E+00,-2.88435525021E+01
4.13500000000E+08,+2.10980901367E+00,-2.85054482044E+01
4.15000000000E+08,+2.13232109564E+00,-2.81488327881E+01
4.16500000000E+08,+2.17072725917E+00,-2.78053959336E+01
4.18000000000E+08,+2.21173340684E+00,-2.74405270553E+01
4.19500000000E+08,+2.25824728782E+00,-2.70865140665E+01
4.21000000000E+08,+2.31289741956E+00,-2.67274201879E+01
4.22500000000E+08,+2.36974990235E+00,-2.63859331880E+01
4.24000000000E+08,+2.42696125437E+00,-2.60198700760E+01
4.25500000000E+08,+2.49117794752E+00,-2.56837540551E+01
4.27000000000E+08,+2.54035674694E+00,-2.53560893041E+01
4.28500000000E+08,+2.61972698331E+00,-2.50135786933E+01
4.30000000000E+08,+2.67571116550E+00,-2.46669865876E+01
4.31500000000E+08,+2.75828015210E+00,-2.43318736691E+01
4.33000000000E+08,+2.81988824234E+00,-2.40048133848E+01
4.34500000000E+08,+2.89694905230E+00,-2.36870765878E+01
4.36000000000E+08,+2.96158267190E+00,-2.33746151109E+01
4.37500000000E+08,+3.02543490458E+00,-2.30612137743E+01
4.39000000000E+08,+3.08088490360E+00,-2.27500455067E+01
4.40500000000E+08,+3.12554903998E+00,-2.24207800237E+01
4.42000000000E+08,+3.16247992393E+00,-2.20877678511E+01
4.43500000000E+08,+3.21686225375E+00,-2.17564209294E+01
4.45000000000E+08,+3.28749998778E+00,-2.14181742722E+01
4.46500000000E+08,+3.37780777289E+00,-2.10791123022E+01
4.48000000000E+08,+3.44061385261E+00,-2.07500619474E+01
4.49500000000E+08,+3.50529572890E+00,-2.04102093684E+01
4.51000000000E+08,+3.57281043659E+00,-2.00790437778E+01
4.52500000000E+08,+3.63026757349E+00,-1.97511356459E+01
4.54000000000E+08,+3.69985030136E+00,-1.94031665520E+01
4.55500000000E+08,+3.76300601304E+00,-1.90719071431E+01
4.57000000000E+08,+3.82802496549E+00,-1.87211474876E+01
4.58500000000E+08,+3.91493010413E+00,-1.83743563410E+01
4.60000000000E+08,+3.99946685227E+00,-1.80451999968E+01
4.61500000000E+08,+4.05629708998E+00,-1.76905630229E+01
4.63000000000E+08,+4.14571002487E+00,-1.73342520939E+01
4.64500000000E+08,+4.23540870066E+00,-1.69737362766E+01
4.66000000000E+08,+4.33600158956E+00,-1.66304332381E+01
4.67500000000E+08,+4.44024756326E+00,-1.62877901216E+01
4.69000000000E+08,+4.53753822902E+00,-1.59455402017E+01
4.70500000000E+08,+4.62340442453E+00,-1.56035126706E+01
4.72000000000E+08,+4.73131202625E+00,-1.52484256136E+01
4.73500000000E+08,+4.84009608952E+00,-1.48768496230E+01
4.75000000000E+08,+4.96104616753E+00,-1.45230915853E+01
4.76500000000E+08,+5.09511586999E+00,-1.41783447557E+01
4.78000000000E+08,+5.23054470085E+00,-1.38373769180E+01
4.79500000000E+08,+5.36179010422E+00,-1.35261934139E+01
4.81000000000E+08,+5.46171557049E+00,-1.32182696918E+01
4.82500000000E+08,+5.55087420491E+00,-1.28963896124E+01
4.84000000000E+08,+5.63264978971E+00,-1.25426376568E+01
4.85500000000E+08,+5.72294296520E+00,-1.21996277024E+01
4.87000000000E+08,+5.81960801265E+00,-1.18397916345E+01
4.88500000000E+08,+5.91833182158E+00,-1.14688657646E+01
4.90000000000E+08,+6.01946380109E+00,-1.10822159417E+01
4.91500000000E+08,+6.15728145296E+00,-1.06816284844E+01
4.93000000000E+08,+6.29823743687E+00,-1.02824702416E+01
4.94500000000E+08,+6.46546458561E+00,-9.90703380300E+00
4.96000000000E+08,+6.63738599692E+00,-9.56017623275E+00
4.97500000000E+08,+6.78134929857E+00,-9.21834979294E+00
4.99000000000E+08,+6.91354516670E+00,-8.87816626229E+00
5.00500000000E+08,+7.04484157561E+00,-8.52801881941E+00
5.02000000000E+08,+7.16168685612E+00,-8.16033591128E+00
5.03500000000E+08,+7.28422619713E+00,-7.79665977231E+00
5.05000000000E+08,+7.38801544406E+00,-7.42199576102E+00
5.06500000000E+08,+7.51344882704E+00,-7.03119779665E+00
5.08000000000E+08,+7.63186302060E+00,-6.62731702401E+00
5.09500000000E+08,+7.76876935891E+00,-6.20948182740E+00
5.11000000000E+08,+7.90073356072E+00,-5.78293443733E+00
5.12500000000E+08,+8.03517446251E+00,-5.33782822439E+00
5.14000000000E+08,+8.20535489122E+00,-4.86942383768E+00
5.15500000000E+08,+8.38458843296E+00,-4.41211766036E+00
5.17000000000E+08,+8.59380175686E+00,-3.93974800756E+00
5.18500000000E+08,+8.81604551894E+00,-3.46772759951E+00
5.20000000000E+08,+9.04394572672E+00,-3.00833187622E+00
5.21500000000E+08,+9.27744660689E+00,-2.53655551126E+00
5.23000000000E+08,+9.56150717099E+00,-2.08388461056E+00
5.24500000000E+08,+9.85165725350E+00,-1.63355281345E+00
5.26000000000E+08,+1.01515422737E+01,-1.23702367594E+00
5.27500000000E+08,+1.03920824368E+01,-8.59952273709E-01
5.29000000000E+08,+1.06146045354E+01,-4.32146076887E-01
5.30500000000E+08,+1.08473326484E+01,+2.04093771925E-02
5.32000000000E+08,+1.10929468639E+01,+5.13886527170E-01
5.33500000000E+08,+1.13883937693E+01,+1.02420310676E+00
5.35000000000E+08,+1.17179885334E+01,+1.51931117481E+00
5.36500000000E+08,+1.20745966009E+01,+1.99959377003E+00
5.38000000000E+08,+1.24344190225E+01,+2.46944146955E+00
5.39500000000E+08,+1.27954814326E+01,+2.93533995491E+00
5.41000000000E+08,+1.31861819932E+01,+3.40778734850E+00
5.42500000000E+08,+1.35769192760E+01,+3.84271925446E+00
5.44000000000E+08,+1.39796611666E+01,+4.29940669417E+00
5.45500000000E+08,+1.43590335930E+01,+4.75819656030E+00
5.47000000000E+08,+1.47684500493E+01,+5.25789074056E+00
5.48500000000E+08,+1.52273289083E+01,+5.75316810116E+00
5.50000000000E+08,+1.57132714475E+01,+6.24753229206E+00
5.51500000000E+08,+1.62418439335E+01,+6.71222116462E+00
5.53000000000E+08,+1.67663559626E+01,+7.17707150950E+00
5.54500000000E+08,+1.73344989225E+01,+7.63077042450E+00
5.56000000000E+08,+1.79273743460E+01,+8.04842698419E+00
5.57500000000E+08,+1.85427739249E+01,+8.43772376343E+00
5.59000000000E+08,+1.91574110729E+01,+8.79986619258E+00
5.60500000000E+08,+1.97611012077E+01,+9.12644141097E+00
5.62000000000E+08,+2.03309593363E+01,+9.46208937250E+00
5.63500000000E+08,+2.08908285659E+01,+9.80898204045E+00
5.65000000000E+08,+2.14713361546E+01,+1.01893164044E+01
5.66500000000E+08,+2.20959304460E+01,+1.06015921541E+01
5.68000000000E+08,+2.27680884049E+01,+1.09978110781E+01
5.69500000000E+08,+2.34952115260E+01,+1.13861128684E+01
5.71000000000E+08,+2.42771977233E+01,+1.17364734302E+01
5.72500000000E+08,+2.50782316219E+01,+1.20184702192E+01
5.74000000000E+08,+2.58790356905E+01,+1.22519882427E+01
5.75500000000E+08,+2.66654740057E+01,+1.24824617245E+01
5.77000000000E+08,+2.74431500075E+01,+1.26868575872E+01
5.78500000000E+08,+2.81972423469E+01,+1.29103750763E+01
5.80000000000E+08,+2.89812409319E+01,+1.31404634355E+01
5.81500000000E+08,+2.98234969549E+01,+1.33683221309E+01
5.83000000000E+08,+3.06698104203E+01,+1.36108006308E+01
5.84500000000E+08,+3.16318030157E+01,+1.38231867977E+01
5.86000000000E+08,+3.26227242809E+01,+1.39650054518E+01
5.87500000000E+08,+3.36421938034E+01,+1.40216550362E+01
5.89000000000E+08,+3.46357646271E+01,+1.40123237027E+01
5.90500000000E+08,+3.55770896470E+01,+1.39627247125E+01
5.92000000000E+08,+3.65063137233E+01,+1.39251884973E+01
5.93500000000E+08,+3.74550439092E+01,+1.39365497876E+01
5.95000000000E+08,+3.84921424126E+01,+1.39266314378E+01
5.96500000000E+08,+3.95930475783E+01,+1.38785328784E+01
5.98000000000E+08,+4.07584439241E+01,+1.37584032433E+01
5.99500000000E+08,+4.19483380414E+01,+1.35524178725E+01
6.01000000000E+08,+4.31572754535E+01,+1.32530978187E+01
6.02500000000E+08,+4.43763201765E+01,+1.28467495542E+01
6.04000000000E+08,+4.56015463911E+01,+1.23027920869E+01
6.05500000000E+08,+4.67450095609E+01,+1.16418258574E+01
6.07000000000E+08,+4.77823921942E+01,+1.09040860108E+01
6.08500000000E+08,+4.87281379772E+01,+1.01869094178E+01
6.10000000000E+08,+4.96555051390E+01,+9.47745795341E+00
6.11500000000E+08,+5.05761738750E+01,+8.75228598812E+00
6.13000000000E+08,+5.15291490897E+01,+7.96322257027E+00
6.14500000000E+08,+5.24649412180E+01,+7.04498032471E+00
6.16000000000E+08,+5.33305088336E+01,+6.03521800413E+00
6.17500000000E+08,+5.41000998504E+01,+4.95799621197E+00
6.19000000000E+08,+5.47798003616E+01,+3.84945984607E+00
6.20500000000E+08,+5.53566371740E+01,+2.63653020451E+00
6.22000000000E+08,+5.57726228700E+01,+1.43296943272E+00
6.23500000000E+08,+5.60512801982E+01,+2.83656091589E-01
6.25000000000E+08,+5.62869823092E+01,-8.23048705545E-01
6.26500000000E+08,+5.65049455587E+01,-1.90674139581E+00
6.28000000000E+08,+5.66469204777E+01,-3.02052914176E+00
6.29500000000E+08,+5.66754257389E+01,-4.14762278797E+00
6.31000000000E+08,+5.65980691350E+01,-5.22527476894E+00
6.32500000000E+08,+5.64205590544E+01,-6.18913164054E+00
6.34000000000E+08,+5.62068857062E+01,-7.04770047069E+00
6.35500000000E+08,+5.59862598779E+01,-7.81076964072E+00
6.37000000000E+08,+5.58017520812E+01,-8.48950690524E+00
6.38500000000E+08,+5.56764977245E+01,-9.18766154549E+00
6.40000000000E+08,+5.55415217404E+01,-9.88902413201E+00
6.41500000000E+08,+5.53785493558E+01,-1.06159503548E+01
6.43000000000E+08,+5.51629247418E+01,-1.13523494442E+01
6.44500000000E+08,+5.48656373689E+01,-1.20690414115E+01
6.46000000000E+08,+5.44534844047E+01,-1.27019673867E+01
6.47500000000E+08,+5.40303835714E+01,-1.32196966507E+01
6.49000000000E+08,+5.35878665204E+01,-1.36399964745E+01
6.50500000000E+08,+5.32136014218E+01,-1.39824847177E+01
6.52000000000E+08,+5.28448036908E+01,-1.42077160999E+01
6.53500000000E+08,+5.25548021283E+01,-1.44019217458E+01
6.55000000000E+08,+5.23232202271E+01,-1.45072605026E+01
6.56500000000E+08,+5.22201606222E+01,-1.45752623880E+01
6.58000000000E+08,+5.22554972554E+01,-1.46789376023E+01
6.59500000000E+08,+5.23597569644E+01,-1.48067423908E+01
6.61000000000E+08,+5.25855093751E+01,-1.50424608554E+01
6.62500000000E+08,+5.28232598267E+01,-1.54315712272E+01
6.64000000000E+08,+5.30210926690E+01,-1.59951905380E+01
6.65500000000E+08,+5.30473389222E+01,-1.66099300542E+01
6.67000000000E+08,+5.29869838105E+01,-1.71611290036E+01
6.68500000000E+08,+5.29527046310E+01,-1.76676070364E+01
6.70000000000E+08,+5.29443340614E+01,-1.81646187506E+01
6.71500000000E+08,+5.29714980628E+01,-1.87847099324E+01
6.73000000000E+08,+5.28958577602E+01,-1.95004421887E+01
6.74500000000E+08,+5.26667453515E+01,-2.02215673931E+01
6.76000000000E+08,+5.23168775656E+01,-2.09105071340E+01
6.77500000000E+08,+5.18816499889E+01,-2.14817256295E+01
6.79000000000E+08,+5.13796599561E+01,-2.19447786167E+01
6.80500000000E+08,+5.08953869713E+01,-2.22686710549E+01
6.82000000000E+08,+5.04809862088E+01,-2.24511335071E+01
6.83500000000E+08,+5.02017262847E+01,-2.25763376859E+01
6.85000000000E+08,+5.00632406462E+01,-2.27125556838E+01
6.86500000000E+08,+5.00682556751E+01,-2.29486758582E+01
6.88000000000E+08,+5.00578748380E+01,-2.33571628835E+01
6.89500000000E+08,+4.99920603933E+01,-2.38838146001E+01
6.91000000000E+08,+4.97810416131E+01,-2.44719816387E+01
6.92500000000E+08,+4.94934733267E+01,-2.50099254667E+01
6.94000000000E+08,+4.90957536456E+01,-2.54806050738E+01
6.95500000000E+08,+4.86885706630E+01,-2.58565412558E+01
6.97000000000E+08,+4.83278862685E+01,-2.61645003803E+01
6.98500000000E+08,+4.80185122099E+01,-2.64830177249E+01
7.00000000000E+08,+4.77267691621E+01,-2.68232093726E+01
7.01500000000E+08,+4.74031568516E+01,-2.71722203505E+01
7.03000000000E+08,+4.70779133012E+01,-2.75467303635E+01
7.04500000000E+08,+4.67151140039E+01,-2.79291123356E+01
7.06000000000E+08,+4.63219775821E+01,-2.83100950389E+01
7.07500000000E+08,+4.58723078780E+01,-2.86891709399E+01
7.09000000000E+08,+4.54048867893E+01,-2.90088874025E+01
7.10500000000E+08,+4.49111245854E+01,-2.92857660818E+01
7.12000000000E+08,+4.43875027870E+01,-2.95184795448E+01
7.13500000000E+08,+4.38959453460E+01,-2.96468139886E+01
7.15000000000E+08,+4.34632484663E+01,-2.97245762950E+01
7.16500000000E+08,+4.30433012106E+01,-2.98123354801E+01
7.18000000000E+08,+4.27252235817E+01,-2.99104939755E+01
7.19500000000E+08,+4.23794534895E+01,-3.00476529921E+01
7.21000000000E+08,+4.20327600950E+01,-3.02331009289E+01
7.22500000000E+08,+4.16492927209E+01,-3.04019761706E+01
7.24000000000E+08,+4.12299553917E+01,-3.05201103062E+01
7.25500000000E+08,+4.08065122046E+01,-3.06003904107E+01
7.27000000000E+08,+4.04883900113E+01,-3.06047356495E+01
7.28500000000E+08,+4.01853283275E+01,-3.06624121420E+01
7.30000000000E+08,+3.99196378991E+01,-3.07487219184E+01
7.31500000000E+08,+3.96342713517E+01,-3.08456294201E+01
7.33000000000E+08,+3.93353824176E+01,-3.09560113331E+01
7.34500000000E+08,+3.90266947383E+01,-3.10497015866E+01
7.36000000000E+08,+3.87551772026E+01,-3.11364978989E+01
7.37500000000E+08,+3.85243894404E+01,-3.12348423135E+01
7.39000000000E+08,+3.82713735423E+01,-3.13387354006E+01
7.40500000000E+08,+3.80314206495E+01,-3.15160117118E+01
7.42000000000E+08,+3.77740718932E+01,-3.16929029677E+01
7.43500000000E+08,+3.74841038847E+01,-3.18891394430E+01
7.45000000000E+08,+3.71457519968E+01,-3.21161899020E+01
7.46500000000E+08,+3.67610968161E+01,-3.23265041648E+01
7.48000000000E+08,+3.63403039263E+01,-3.24784925917E+01
7.49500000000E+08,+3.59089531246E+01,-3.26237177039E+01
7.51000000000E+08,+3.54516439543E+01,-3.26996785718E+01
7.52500000000E+08,+3.50448940605E+01,-3.27708704280E+01
7.54000000000E+08,+3.46421899935E+01,-3.28085634743E+01
7.55500000000E+08,+3.42520579241E+01,-3.28668940667E+01
7.57000000000E+08,+3.38665310704E+01,-3.29048345110E+01
7.58500000000E+08,+3.34972425442E+01,-3.29387200195E+01
7.60000000000E+08,+3.31369707971E+01,-3.29971446651E+01
7.61500000000E+08,+3.27385851099E+01,-3.30837885387E+01
7.63000000000E+08,+3.22852919152E+01,-3.31588532604E+01
7.64500000000E+08,+3.18015146633E+01,-3.32010495562E+01
7.66000000000E+08,+3.12822227258E+01,-3.31747718690E+01
7.67500000000E+08,+3.07800275608E+01,-3.30838658775E+01
7.69000000000E+08,+3.03263322111E+01,-3.29563642886E+01
7.70500000000E+08,+2.99091862305E+01,-3.27994547995E+01
7.72000000000E+08,+2.95329657899E+01,-3.26598342953E+01
7.73500000000E+08,+2.92014714106E+01,-3.25341431394E+01
7.75000000000E+08,+2.88582323317E+01,-3.24450325090E+01
7.76500000000E+08,+2.84832736911E+01,-3.23498881476E+01
7.78000000000E+08,+2.80876367715E+01,-3.22292149919E+01
7.79500000000E+08,+2.76819939069E+01,-3.20674970066E+01
7.81000000000E+08,+2.72976162256E+01,-3.18760871012E+01
7.82500000000E+08,+2.69407852457E+01,-3.16666942499E+01
7.84000000000E+08,+2.66292897796E+01,-3.14445925166E+01
7.85500000000E+08,+2.63456226409E+01,-3.12183854283E+01
7.87000000000E+08,+2.60919337501E+01,-3.10069728845E+01
7.88500000000E+08,+2.58620547343E+01,-3.08013192185E+01
7.90000000000E+08,+2.56390300470E+01,-3.06462899347E+01
7.91500000000E+08,+2.54013228347E+01,-3.04916441761E+01
7.93000000000E+08,+2.51368812615E+01,-3.03413626006E+01
7.94500000000E+08,+2.48677390190E+01,-3.01785261789E+01
7.96000000000E+08,+2.46264465236E+01,-2.99916064837E+01
7.97500000000E+08,+2.43916496543E+01,-2.98166964912E+01
7.99000000000E+08,+2.41903556907E+01,-2.96754555835E+01
8.00500000000E+08,+2.39722530544E+01,-2.95040966161E+01
8.02000000000E+08,+2.37566869815E+01,-2.93631425602E+01
8.03500000000E+08,+2.35420653366E+01,-2.92504490044E+01
8.05000000000E+08,+2.33053112094E+01,-2.91258662359E+01
8.06500000000E+08,+2.30684779292E+01,-2.90029630861E+01
8.08000000000E+08,+2.27979204351E+01,-2.88980789064E+01
8.09500000000E+08,+2.25361875018E+01,-2.87459473359E+01
8.11000000000E+08,+2.22375805160E+01,-2.86106431776E+01
8.12500000000E+08,+2.19573488769E+01,-2.84357491744E+01
8.14000000000E+08,+2.16632021403E+01,-2.82186797574E+01
8.15500000000E+08,+2.14403241682E+01,-2.80112552313E+01
8.17000000000E+08,+2.12218774776E+01,-2.78158343012E+01
8.18500000000E+08,+2.09996199896E+01,-2.76445630779E+01
8.20000000000E+08,+2.07785203671E+01,-2.74737781660E+01
8.21500000000E+08,+2.05415002681E+01,-2.72612538344E+01
8.23000000000E+08,+2.03182303147E+01,-2.70526133785E+01
8.24500000000E+08,+2.00718382351E+01,-2.68390850028E+01
8.26000000000E+08,+1.98627658763E+01,-2.66194357309E+01
8.27500000000E+08,+1.96773085676E+01,-2.63610565231E+01
8.29000000000E+08,+1.94957993634E+01,-2.61398381080E+01
8.30500000000E+08,+1.93482097166E+01,-2.59070650295E+01
8.32000000000E+08,+1.92067323558E+01,-2.56838748791E+01
8.33500000000E+08,+1.90801019059E+01,-2.54851738684E+01
8.35000000000E+08,+1.89801084062E+01,-2.53325133195E+01
8.36500000000E+08,+1.88378543050E+01,-2.51726536332E+01
8.38000000000E+08,+1.86784766394E+01,-2.50346549577E+01
8.39500000000E+08,+1.84998534523E+01,-2.48770501495E+01
8.41000000000E+08,+1.83373757355E+01,-2.47047556194E+01
8.42500000000E+08,+1.81792378394E+01,-2.45429277458E+01
8.44000000000E+08,+1.80218868205E+01,-2.43725928597E+01
8.45500000000E+08,+1.78797577946E+01,-2.42115591142E+01
8.47000000000E+08,+1.77148576029E+01,-2.40475573514E+01
8.48500000000E+08,+1.75584505043E+01,-2.38943998366E+01
8.50000000000E+08,+1.73836580635E+01,-2.37439414290E+01
8.51500000000E+08,+1.71936032723E+01,-2.35712911250E+01
8.53000000000E+08,+1.70100361235E+01,-2.33861451719E+01
8.54500000000E+08,+1.68419351670E+01,-2.31871891802E+01
8.56000000000E+08,+1.66895908816E+01,-2.30123440519E+01
8.57500000000E+08,+1.65420202227E+01,-2.28124530636E+01
8.59000000000E+08,+1.63959104021E+01,-2.26295076508E+01
8.60500000000E+08,+1.62723785567E+01,-2.24416424575E+01
8.62000000000E+08,+1.61317919659E+01,-2.22607455486E+01
8.63500000000E+08,+1.60075025144E+01,-2.20820086408E+01
8.65000000000E+08,+1.58830553421E+01,-2.19041223627E+01
8.66500000000E+08,+1.57680744684E+01,-2.17393776843E+01
8.68000000000E+08,+1.56496705737E+01,-2.15859355081E+01
8.69500000000E+08,+1.55151241067E+01,-2.14250083840E+01
8.71000000000E+08,+1.53837085279E+01,-2.12760119304E+01
8.72500000000E+08,+1.52548244458E+01,-2.11263262662E+01
8.74000000000E+08,+1.51117309516E+01,-2.09831575947E+01
8.75500000000E+08,+1.49605427095E+01,-2.08517143521E+01
8.77000000000E+08,+1.47804940450E+01,-2.06996849731E+01
8.78500000000E+08,+1.46084949641E+01,-2.05419334276E+01
8.80000000000E+08,+1.44252110292E+01,-2.03703444917E+01
8.81500000000E+08,+1.42430779372E+01,-2.01808380381E+01
8.83000000000E+08,+1.40624453189E+01,-1.99885139031E+01
8.84500000000E+08,+1.38736401513E+01,-1.97592104822E+01
8.86000000000E+08,+1.36981118115E+01,-1.95166144873E+01
8.87500000000E+08,+1.35495789772E+01,-1.92540453555E+01
8.89000000000E+08,+1.34234845564E+01,-1.89955661458E+01
8.90500000000E+08,+1.33284512916E+01,-1.87289483291E+01
8.92000000000E+08,+1.32418700521E+01,-1.84794762159E+01
8.93500000000E+08,+1.31635953808E+01,-1.82636486961E+01
8.95000000000E+08,+1.30833196380E+01,-1.80593227796E+01
8.96500000000E+08,+1.30089534432E+01,-1.78507748100E+01
8.98000000000E+08,+1.29139587013E+01,-1.76649788405E+01
8.99500000000E+08,+1.28291472230E+01,-1.74607594188E+01
9.01000000000E+08,+1.27262221250E+01,-1.72818496886E+01
9.02500000000E+08,+1.26251613029E+01,-1.70747085922E+01
9.04000000000E+08,+1.25151238854E+01,-1.68682776273E+01
9.05500000000E+08,+1.23943040983E+01,-1.66528523925E+01
9.07000000000E+08,+1.22919475056E+01,-1.64362643828E+01
9.08500000000E+08,+1.22074429066E+01,-1.62021924513E+01
9.10000000000E+08,+1.21293375884E+01,-1.59751529415E+01
9.11500000000E+08,+1.20765103853E+01,-1.57672939751E+01
9.13000000000E+08,+1.20012544647E+01,-1.55780795897E+01
9.14500000000E+08,+1.19310280425E+01,-1.54002662298E+01
9.16000000000E+08,+1.18322112619E+01,-1.52081957057E+01
9.17500000000E+08,+1.17230976410E+01,-1.50248462882E+01
9.19000000000E+08,+1.16026473193E+01,-1.48225034873E+01
9.20500000000E+08,+1.15152372214E+01,-1.46029788804E+01
9.22000000000E+08,+1.14156469232E+01,-1.43609425036E+01
9.23500000000E+08,+1.12936950622E+01,-1.40830223787E+01
9.25000000000E+08,+1.12436579678E+01,-1.39002384528E+01
9.26500000000E+08,+1.11732021250E+01,-1.36609676753E+01
9.28000000000E+08,+1.11157184018E+01,-1.34330560810E+01
9.29500000000E+08,+1.10608588478E+01,-1.32136442295E+01
9.31000000000E+08,+1.10123249523E+01,-1.29955817406E+01
9.32500000000E+08,+1.09615864741E+01,-1.28004666071E+01
9.34000000000E+08,+1.09085954755E+01,-1.26085489038E+01
9.35500000000E+08,+1.08407247021E+01,-1.24159711653E+01
9.37000000000E+08,+1.07800830171E+01,-1.22280630424E+01
9.38500000000E+08,+1.07108395296E+01,-1.20270174056E+01
9.40000000000E+08,+1.06411320734E+01,-1.18334741093E+01
9.41500000000E+08,+1.05663754647E+01,-1.16308936550E+01
9.43000000000E+08,+1.04897666049E+01,-1.14192583928E+01
9.44500000000E+08,+1.04036800873E+01,-1.12196826829E+01
9.46000000000E+08,+1.03432336867E+01,-1.10267343044E+01
9.47500000000E+08,+1.02649591593E+01,-1.08224996661E+01
9.49000000000E+08,+1.01879069336E+01,-1.06094113855E+01
9.50500000000E+08,+1.01042008503E+01,-1.04175421809E+01
9.52000000000E+08,+1.00375237505E+01,-1.01948219315E+01
9.53500000000E+08,+9.96270395955E+00,-9.99577136766E+00
9.55000000000E+08,+9.88937264402E+00,-9.76836303706E+00
9.56500000000E+08,+9.82512551573E+00,-9.54897595717E+00
9.58000000000E+08,+9.77213415389E+00,-9.33214455618E+00
9.59500000000E+08,+9.72540940280E+00,-9.12196925345E+00
9.61000000000E+08,+9.67269472303E+00,-8.90425795843E+00
9.62500000000E+08,+9.63572462949E+00,-8.71054471390E+00
9.64000000000E+08,+9.57013918868E+00,-8.52024971739E+00
9.65500000000E+08,+9.51591188325E+00,-8.32709550257E+00
9.67000000000E+08,+9.43825078463E+00,-8.13346970630E+00
9.68500000000E+08,+9.36265070233E+00,-7.93615156281E+00
9.70000000000E+08,+9.29468528369E+00,-7.73342517462E+00
9.71500000000E+08,+9.21611384257E+00,-7.51542802279E+00
9.73000000000E+08,+9.13953589089E+00,-7.29515032752E+00
9.74500000000E+08,+9.08684485210E+00,-7.07080112005E+00
9.76000000000E+08,+9.01516487600E+00,-6.85078153791E+00
9.77500000000E+08,+8.95121662295E+00,-6.63760234735E+00
9.79000000000E+08,+8.90013733884E+00,-6.40787644771E+00
9.80500000000E+08,+8.84487315783E+00,-6.19628213516E+00
9.82000000000E+08,+8.78979489692E+00,-5.96794764716E+00
9.83500000000E+08,+8.74151064474E+00,-5.73844200714E+00
9.85000000000E+08,+8.69917764792E+00,-5.50997593518E+00
9.86500000000E+08,+8.64911432151E+00,-5.28226326156E+00
9.88000000000E+08,+8.61337942466E+00,-5.04237982377E+00
9.89500000000E+08,+8.57083766742E+00,-4.80120220320E+00
9.91000000000E+08,+8.53177963484E+00,-4.56971502641E+00
9.92500000000E+08,+8.50412401213E+00,-4.32554003458E+00
9.94000000000E+08,+8.48100986956E+00,-4.08588792853E+00
9.95500000000E+08,+8.46538062855E+00,-3.84036657220E+00
9.97000000000E+08,+8.44887586637E+00,-3.59727696034E+00
9.98500000000E+08,+8.44641469119E+00,-3.36011821202E+00
1.00000000000E+09,+8.45513350803E+00,-3.12137691219E+00
1.00150000000E+09,+8.45932458097E+00,-2.89476351298E+00
1.00300000000E+09,+8.47677999954E+00,-2.67733130229E+00
1.00450000000E+09,+8.49358569606E+00,-2.46295889485E+00
1.00600000000E+09,+8.51157550893E+00,-2.24195332150E+00
1.00750000000E+09,+8.53575995658E+00,-2.03426099644E+00
1.00900000000E+09,+8.55457016147E+00,-1.82481512480E+00
1.01050000000E+09,+8.58218508390E+00,-1.62321004409E+00
1.01200000000E+09,+8.60398376865E+00,-1.44554400504E+00
1.01350000000E+09,+8.61430746177E+00,-1.26742103607E+00
1.01500000000E+09,+8.63003487387E+00,-1.09000456427E+00
1.01650000000E+09,+8.63768943583E+00,-9.00913193280E-01
1.01800000000E+09,+8.63369448242E+00,-7.28242715863E-01
1.01950000000E+09,+8.63236085903E+00,-5.49666828626E-01
1.02100000000E+09,+8.62765585233E+00,-3.53294135021E-01
1.02250000000E+09,+8.61684746765E+00,-1.81619819143E-01
1.02400000000E+09,+8.61840710735E+00,+6.19280098871E-03
1.02550000000E+09,+8.61521066258E+00,+1.90713568074E-01
1.02700000000E+09,+8.60909116256E+00,+3.70642151095E-01
1.02850000000E+09,+8.60864161719E+00,+5.55227433077E-01
1.03000000000E+09,+8.60632205383E+00,+7.38210946374E-01
1.03150000000E+09,+8.59474492896E+00,+9.21340664931E-01
1.03300000000E+09,+8.57790487194E+00,+1.10577835601E+00
1.03450000000E+09,+8.56082034092E+00,+1.28319816382E+00
1.03600000000E+09,+8.53746544054E+00,+1.46932921467E+00
1.03750000000E+09,+8.52678978793E+00,+1.66120507487E+00
1.03900000000E+09,+8.49535020926E+00,+1.85739620446E+00
1.04050000000E+09,+8.48634544825E+00,+2.05326190316E+00
1.04200000000E+09,+8.47528345206E+00,+2.26266038283E+00
1.04350000000E+09,+8.47173947809E+00,+2.46424447944E+00
1.04500000000E+09,+8.45092053256E+00,+2.67249149187E+00
1.04650000000E+09,+8.45646872120E+00,+2.85492293366E+00
1.04800000000E+09,+8.46741685416E+00,+3.05265504914E+00
1.04950000000E+09,+8.45322152310E+00,+3.27411937931E+00
1.05100000000E+09,+8.45161875722E+00,+3.45672716817E+00
1.05250000000E+09,+8.45251759023E+00,+3.64713509273E+00
1.05400000000E+09,+8.44711876577E+00,+3.83672556316E+00
1.05550000000E+09,+8.44716365938E+00,+4.03348434661E+00
1.05700000000E+09,+8.44096811199E+00,+4.22150794845E+00
1.05850000000E+09,+8.43996376284E+00,+4.40313418468E+00
1.06000000000E+09,+8.42619084761E+00,+4.57913580464E+00
1.06150000000E+09,+8.40181881329E+00,+4.79115794695E+00
1.06300000000E+09,+8.40631112130E+00,+4.97187258626E+00
1.06450000000E+09,+8.37110339934E+00,+5.17475018646E+00
1.06600000000E+09,+8.36505577798E+00,+5.37389341730E+00
1.06750000000E+09,+8.35509063871E+00,+5.55460715950E+00
1.06900000000E+09,+8.34788455007E+00,+5.74671867457E+00
1.07050000000E+09,+8.35043080775E+00,+5.92106650228E+00
1.07200000000E+09,+8.32074385278E+00,+6.12456632737E+00
1.07350000000E+09,+8.30172184216E+00,+6.28031361699E+00
1.07500000000E+09,+8.28318154933E+00,+6.46499071997E+00
1.07650000000E+09,+8.26211681473E+00,+6.67722778056E+00
1.07800000000E+09,+8.23453662798E+00,+6.86705066116E+00
1.07950000000E+09,+8.21560491875E+00,+7.06577826228E+00
1.08100000000E+09,+8.18640204308E+00,+7.26410886527E+00
1.08250000000E+09,+8.15792301443E+00,+7.44413338598E+00
1.08400000000E+09,+8.14317799891E+00,+7.65301582402E+00
1.08550000000E+09,+8.12182680453E+00,+7.84113587754E+00
1.08700000000E+09,+8.09525050366E+00,+8.04796804650E+00
1.08850000000E+09,+8.06998169985E+00,+8.25193246285E+00
1.09000000000E+09,+8.03939735597E+00,+8.45411041746E+00
1.09150000000E+09,+8.00771372296E+00,+8.66561089403E+00
1.09300000000E+09,+7.97148816245E+00,+8.87664645382E+00
1.09450000000E+09,+7.95839973110E+00,+9.09086365353E+00
1.09600000000E+09,+7.93134189136E+00,+9.30850168801E+00
1.09750000000E+09,+7.91658106712E+00,+9.54068113999E+00
1.09900000000E+09,+7.91054900962E+00,+9.77270426025E+00
1.10050000000E+09,+7.90328851032E+00,+9.99768622014E+00
1.10200000000E+09,+7.90221923403E+00,+1.02211705523E+01
1.10350000000E+09,+7.90027040596E+00,+1.04458166536E+01
1.10500000000E+09,+7.89809161600E+00,+1.06769577349E+01
1.10650000000E+09,+7.90640816014E+00,+1.08897825980E+01
1.10800000000E+09,+7.91162452565E+00,+1.11058198604E+01
1.10950000000E+09,+7.90831726740E+00,+1.13197694150E+01
1.11100000000E+09,+7.92861359856E+00,+1.15426872157E+01
1.11250000000E+09,+7.93985116582E+00,+1.17638011695E+01
1.11400000000E+09,+7.95536518409E+00,+1.19819898812E+01
1.11550000000E+09,+7.97936219125E+00,+1.22008928717E+01
1.11700000000E+09,+7.99715719179E+00,+1.24128983604E+01
1.11850000000E+09,+8.03183095346E+00,+1.26252898428E+01
1.12000000000E+09,+8.05724252475E+00,+1.28369935340E+01
1.12150000000E+09,+8.08160398812E+00,+1.30335966349E+01
1.12300000000E+09,+8.12015207255E+00,+1.32409707894E+01
1.12450000000E+09,+8.15537783195E+00,+1.34377652586E+01
1.12600000000E+09,+8.18183176680E+00,+1.36301934879E+01
1.12750000000E+09,+8.20604728051E+00,+1.38096851060E+01
1.12900000000E+09,+8.21740779170E+00,+1.40061070083E+01
1.13050000000E+09,+8.24165028246E+00,+1.41753039754E+01
1.13200000000E+09,+8.24970311494E+00,+1.43575148246E+01
1.13350000000E+09,+8.25773920757E+00,+1.45450050137E+01
1.13500000000E+09,+8.26909029031E+00,+1.47374619996E+01
1.13650000000E+09,+8.27475198245E+00,+1.49327644820E+01
1.13800000000E+09,+8.27229578326E+00,+1.51397069310E+01
1.13950000000E+09,+8.27823076829E+00,+1.53280017788E+01
1.14100000000E+09,+8.28166532957E+00,+1.55433284860E+01
1.14250000000E+09,+8.29927802970E+00,+1.57481144422E+01
1.14400000000E+09,+8.30969734221E+00,+1.59577134730E+01
1.14550000000E+09,+8.32924417857E+00,+1.61544356092E+01
1.14700000000E+09,+8.33870473676E+00,+1.63506385551E+01
1.14850000000E+09,+8.35833691753E+00,+1.65378638062E+01
1.15000000000E+09,+8.36704893241E+00,+1.67317696327E+01
1.15150000000E+09,+8.36627322454E+00,+1.69208092842E+01
1.15300000000E+09,+8.37253560952E+00,+1.71172406501E+01
1.15450000000E+09,+8.36648132448E+00,+1.73237504198E+01
1.15600000000E+09,+8.36203240464E+00,+1.75394543509E+01
1.15750000000E+09,+8.35095437699E+00,+1.77377276937E+01
1.15900000000E+09,+8.35184131922E+00,+1.79661866783E+01
1.16050000000E+09,+8.34053250947E+00,+1.81735530582E+01
1.16200000000E+09,+8.34372858566E+00,+1.84126272729E+01
1.16350000000E+09,+8.35560490433E+00,+1.86202816685E+01
1.16500000000E+09,+8.34538986917E+00,+1.88452556029E+01
1.16650000000E+09,+8.33554164815E+00,+1.90698873119E+01
1.16800000000E+09,+8.33992460920E+00,+1.92982766066E+01
1.16950000000E+09,+8.34572991186E+00,+1.95214284685E+01
1.17100000000E+09,+8.35133468452E+00,+1.97675003849E+01
1.17250000000E+09,+8.35542685819E+00,+2.00072725467E+01
1.17400000000E+09,+8.36241650308E+00,+2.02469107515E+01
1.17550000000E+09,+8.37890450356E+00,+2.04881771713E+01
1.17700000000E+09,+8.38011824917E+00,+2.07195086660E+01
1.17850000000E+09,+8.40456570900E+00,+2.09722499757E+01
1.18000000000E+09,+8.42740754648E+00,+2.12266370786E+01
1.18150000000E+09,+8.44906824284E+00,+2.14681424009E+01
1.18300000000E+09,+8.49145021087E+00,+2.17011648655E+01
1.18450000000E+09,+8.51795781268E+00,+2.19436447710E+01
1.18600000000E+09,+8.56620019759E+00,+2.21803203776E+01
1.18750000000E+09,+8.59903954220E+00,+2.24014313907E+01
1.18900000000E+09,+8.62137392693E+00,+2.26195453804E+01
1.19050000000E+09,+8.66848175974E+00,+2.28458944713E+01
1.19200000000E+09,+8.69524098308E+00,+2.30599593504E+01
1.19350000000E+09,+8.72047943372E+00,+2.32778644367E+01
1.19500000000E+09,+8.74429920640E+00,+2.34878732998E+01
1.19650000000E+09,+8.76407139289E+00,+2.37102997459E+01
1.19800000000E+09,+8.79405405825E+00,+2.39295289015E+01
1.19950000000E+09,+8.80337077267E+00,+2.41463618911E+01
1.20100000000E+09,+8.83048999245E+00,+2.43423813619E+01
1.20250000000E+09,+8.84139144052E+00,+2.45730167786E+01
1.20400000000E+09,+8.85904503757E+00,+2.47933405471E+01
1.20550000000E+09,+8.86194507499E+00,+2.50167041820E+01
1.20700000000E+09,+8.88382170073E+00,+2.52373886219E+01
1.20850000000E+09,+8.89743095120E+00,+2.54504386874E+01
1.21000000000E+09,+8.91049369954E+00,+2.56715960337E+01
1.21150000000E+09,+8.93431736901E+00,+2.58912470378E+01
1.21300000000E+09,+8.94081864523E+00,+2.61009433661E+01
1.21450000000E+09,+8.94204079626E+00,+2.63429004144E+01
1.21600000000E+09,+8.94155449784E+00,+2.65568026540E+01
1.21750000000E+09,+8.96119502243E+00,+2.67835135481E+01
1.21900000000E+09,+8.96702926143E+00,+2.69918644817E+01
1.22050000000E+09,+8.98689148181E+00,+2.72067957016E+01
1.22200000000E+09,+8.99509069055E+00,+2.74353881762E+01
1.22350000000E+09,+8.98583557441E+00,+2.76450616218E+01
1.22500000000E+09,+8.99769124423E+00,+2.78759083139E+01
1.22650000000E+09,+8.99790502936E+00,+2.80974193582E+01
1.22800000000E+09,+9.01040036842E+00,+2.83403652212E+01
1.22950000000E+09,+9.00987734843E+00,+2.85592057064E+01
1.23100000000E+09,+9.02895709170E+00,+2.88005685472E+01
1.23250000000E+09,+9.04055862862E+00,+2.90270244957E+01
1.23400000000E+09,+9.05549016198E+00,+2.92527309047E+01
1.23550000000E+09,+9.05716427376E+00,+2.94866733132E+01
1.23700000000E+09,+9.06807497752E+00,+2.97047548824E+01
1.23850000000E+09,+9.08315245831E+00,+2.99294313812E+01
1.24000000000E+09,+9.10521433883E+00,+3.01488193222E+01
1.24150000000E+09,+9.10647530641E+00,+3.03646791329E+01
1.24300000000E+09,+9.11199225058E+00,+3.05928409170E+01
1.24450000000E+09,+9.11577593027E+00,+3.08172815073E+01
1.24600000000E+09,+9.11607676512E+00,+3.10399426734E+01
1.24750000000E+09,+9.11396909611E+00,+3.12649120464E+01
1.24900000000E+09,+9.11317219291E+00,+3.14899723514E+01
1.25050000000E+09,+9.10471873009E+00,+3.17080299091E+01
1.25200000000E+09,+9.10600957113E+00,+3.19341254662E+01
1.25350000000E+09,+9.09083080424E+00,+3.21650611465E+01
1.25500000000E+09,+9.07497353447E+00,+3.24027526949E+01
1.25650000000E+09,+9.06019569729E+00,+3.26565637571E+01
1.25800000000E+09,+9.05736762732E+00,+3.29039006152E+01
1.25950000000E+09,+9.03676718328E+00,+3.31640837595E+01
1.26100000000E+09,+9.03678424865E+00,+3.34231026991E+01
1.26250000000E+09,+9.04472204329E+00,+3.37030172106E+01
1.26400000000E+09,+9.05257373543E+00,+3.39609139721E+01
1.26550000000E+09,+9.05646766780E+00,+3.42134719764E+01
1.26700000000E+09,+9.05993507200E+00,+3.44608383397E+01
1.26850000000E+09,+9.05608766120E+00,+3.47222683241E+01
1.27000000000E+09,+9.06218499310E+00,+3.49850934671E+01
1.27150000000E+09,+9.06034781010E+00,+3.52585340807E+01
1.27300000000E+09,+9.05107753688E+00,+3.55468418578E+01
1.27450000000E+09,+9.03356566023E+00,+3.58120165806E+01
1.27600000000E+09,+9.05369362673E+00,+3.61149271697E+01
1.27750000000E+09,+9.06059938071E+00,+3.64191487282E+01
1.27900000000E+09,+9.08670093250E+00,+3.67073476154E+01
1.28050000000E+09,+9.10633797649E+00,+3.70038950270E+01
1.28200000000E+09,+9.13971662449E+00,+3.72868012132E+01
1.28350000000E+09,+9.15405185922E+00,+3.75762478149E+01
1.28500000000E+09,+9.20352666661E+00,+3.78605371278E+01
1.28650000000E+09,+9.23239366771E+00,+3.81354063502E+01
1.28800000000E+09,+9.24786852599E+00,+3.84498334522E+01
1.28950000000E+09,+9.27634282760E+00,+3.87118009393E+01
1.29100000000E+09,+9.30917297410E+00,+3.90300375951E+01
1.29250000000E+09,+9.34533827302E+00,+3.93129090676E+01
1.29400000000E+09,+9.37217045670E+00,+3.96140685870E+01
1.29550000000E+09,+9.42025672951E+00,+3.98984891817E+01
1.29700000000E+09,+9.45563102211E+00,+4.01900326869E+01
1.29850000000E+09,+9.49486420744E+00,+4.04751891673E+01
1.30000000000E+09,+9.52109829861E+00,+4.07783164970E+01
1.30150000000E+09,+9.54663972603E+00,+4.10412727562E+01
1.30300000000E+09,+9.58985799665E+00,+4.13151013540E+01
1.30450000000E+09,+9.58875145102E+00,+4.16123683224E+01
1.30600000000E+09,+9.57729711204E+00,+4.19117319094E+01
1.30750000000E+09,+9.59043525848E+00,+4.22160632836E+01
1.30900000000E+09,+9.63756272681E+00,+4.25351500263E+01
1.31050000000E+09,+9.61670544953E+00,+4.28335278108E+01
1.31200000000E+09,+9.64352813842E+00,+4.31414258189E+01
1.31350000000E+09,+9.68765407126E+00,+4.34651318424E+01
1.31500000000E+09,+9.71146682897E+00,+4.37655537664E+01
1.31650000000E+09,+9.76384774798E+00,+4.40854172518E+01
1.31800000000E+09,+9.74912513751E+00,+4.43979485372E+01
1.31950000000E+09,+9.79088713317E+00,+4.47130149390E+01
1.32100000000E+09,+9.79832375257E+00,+4.50343825434E+01
1.32250000000E+09,+9.82613702492E+00,+4.53324556531E+01
1.32400000000E+09,+9.84076887222E+00,+4.56665871067E+01
1.32550000000E+09,+9.87334576869E+00,+4.59820191723E+01
1.32700000000E+09,+9.88401616902E+00,+4.63078259804E+01
1.32850000000E+09,+9.89439093403E+00,+4.66308813583E+01
1.33000000000E+09,+9.92092617786E+00,+4.69569127757E+01
1.33150000000E+09,+9.93893874235E+00,+4.73093643558E+01
1.33300000000E+09,+9.92625980496E+00,+4.76425388862E+01
1.33450000000E+09,+9.92900178566E+00,+4.79659750139E+01
1.33600000000E+09,+9.94638254377E+00,+4.83183421256E+01
1.33750000000E+09,+9.98135270992E+00,+4.86479664832E+01
1.33900000000E+09,+9.97744191469E+00,+4.89896587964E+01
1.34050000000E+09,+9.99999827672E+00,+4.93546214579E+01
1.34200000000E+09,+1.00200663063E+01,+4.97299946079E+01
1.34350000000E+09,+1.00560990076E+01,+5.01180800595E+01
1.34500000000E+09,+1.00939121247E+01,+5.04863266346E+01
1.34650000000E+09,+1.01609364858E+01,+5.08726554051E+01
1.34800000000E+09,+1.01851372127E+01,+5.12156200226E+01
1.34950000000E+09,+1.02725802590E+01,+5.15891725202E+01
1.35100000000E+09,+1.02918430685E+01,+5.19422550662E+01
1.35250000000E+09,+1.03559154579E+01,+5.23086578755E+01
1.35400000000E+09,+1.04133825399E+01,+5.26488207912E+01
1.35550000000E+09,+1.04683123390E+01,+5.30000270892E+01
1.35700000000E+09,+1.05110287246E+01,+5.33442481456E+01
1.35850000000E+09,+1.05671621600E+01,+5.37035804941E+01
1.36000000000E+09,+1.06081109691E+01,+5.40677579257E+01
1.36150000000E+09,+1.06735642696E+01,+5.44265259850E+01
1.36300000000E+09,+1.07471707187E+01,+5.48024335302E+01
1.36450000000E+09,+1.08170800599E+01,+5.51741803559E+01
1.36600000000E+09,+1.08728599203E+01,+5.55206004157E+01
1.36750000000E+09,+1.09551685842E+01,+5.58697285877E+01
1.36900000000E+09,+1.10293860514E+01,+5.62305970317E+01
1.37050000000E+09,+1.11059112252E+01,+5.65706976723E+01
1.37200000000E+09,+1.11969949908E+01,+5.69126711641E+01
1.37350000000E+09,+1.12456470710E+01,+5.72468872703E+01
1.37500000000E+09,+1.13170527539E+01,+5.76029766175E+01
1.37650000000E+09,+1.13774905152E+01,+5.79508415463E+01
1.37800000000E+09,+1.14301263863E+01,+5.83164533737E+01
1.37950000000E+09,+1.15091179091E+01,+5.86753876416E+01
1.38100000000E+09,+1.15614634558E+01,+5.90690081650E+01
1.38250000000E+09,+1.16191350474E+01,+5.94208060319E+01
1.38400000000E+09,+1.17080481270E+01,+5.97858109657E+01
1.38550000000E+09,+1.17614535628E+01,+6.01709120184E+01
1.38700000000E+09,+1.18486583342E+01,+6.05208178885E+01
1.38850000000E+09,+1.19114067744E+01,+6.09099338121E+01
1.39000000000E+09,+1.19559229725E+01,+6.12945763313E+01
1.39150000000E+09,+1.20182334933E+01,+6.17175755052E+01
1.39300000000E+09,+1.21294686249E+01,+6.20862571858E+01
1.39450000000E+09,+1.22250744461E+01,+6.24814969135E+01
1.39600000000E+09,+1.23107959280E+01,+6.28571047342E+01
1.39750000000E+09,+1.24416949489E+01,+6.32323369296E+01
1.39900000000E+09,+1.25000907282E+01,+6.36168583269E+01
1.40050000000E+09,+1.25831120570E+01,+6.40216762868E+01
1.40200000000E+09,+1.27108596555E+01,+6.44310513123E+01
1.40350000000E+09,+1.27682628588E+01,+6.48487229057E+01
1.40500000000E+09,+1.28733849350E+01,+6.52478869113E+01
1.40650000000E+09,+1.30047657941E+01,+6.56220801509E+01
1.40800000000E+09,+1.31068841149E+01,+6.60642189342E+01
1.40950000000E+09,+1.32211665256E+01,+6.64758217570E+01
1.41100000000E+09,+1.33486037532E+01,+6.68837365007E+01
1.41250000000E+09,+1.34560486890E+01,+6.73320034929E+01
1.41400000000E+09,+1.36096230449E+01,+6.77441497295E+01
1.41550000000E+09,+1.37546330038E+01,+6.81647592725E+01
1.41700000000E+09,+1.38728778510E+01,+6.85954426585E+01
1.41850000000E+09,+1.40124261438E+01,+6.90091305292E+01
1.42000000000E+09,+1.41130451586E+01,+6.94299538592E+01
1.42150000000E+09,+1.42587075491E+01,+6.98700091764E+01
1.42300000000E+09,+1.43710875503E+01,+7.02525914700E+01
1.42450000000E+09,+1.44788136587E+01,+7.06578304796E+01
1.42600000000E+09,+1.46154275912E+01,+7.10745308319E+01
1.42750000000E+09,+1.46665687654E+01,+7.14672980969E+01
1.42900000000E+09,+1.48235516002E+01,+7.18939771557E+01
1.43050000000E+09,+1.49122518662E+01,+7.22833545671E+01
1.43200000000E+09,+1.49781894552E+01,+7.27400509258E+01
1.43350000000E+09,+1.51287073633E+01,+7.31665446437E+01
1.43500000000E+09,+1.52175877213E+01,+7.36473267360E+01
1.43650000000E+09,+1.53177850596E+01,+7.40656154750E+01
1.43800000000E+09,+1.54130266066E+01,+7.45364195776E+01
1.43950000000E+09,+1.55388464920E+01,+7.50106163808E+01
1.44100000000E+09,+1.56447023648E+01,+7.54534420731E+01
1.44250000000E+09,+1.57712983180E+01,+7.59146664402E+01
1.44400000000E+09,+1.59509435217E+01,+7.63643950928E+01
1.44550000000E+09,+1.60810697787E+01,+7.68077256815E+01
1.44700000000E+09,+1.62051139344E+01,+7.73059287658E+01
1.44850000000E+09,+1.62672751268E+01,+7.77853386293E+01
1.45000000000E+09,+1.63991453377E+01,+7.82312544265E+01
1.45150000000E+09,+1.64859222263E+01,+7.87317215137E+01
1.45300000000E+09,+1.65855960235E+01,+7.92078734800E+01
1.45450000000E+09,+1.67539679674E+01,+7.96806951955E+01
1.45600000000E+09,+1.68522916158E+01,+8.01189295916E+01
1.45750000000E+09,+1.69504867745E+01,+8.06554186868E+01
1.45900000000E+09,+1.70399018235E+01,+8.11041994600E+01
1.46050000000E+09,+1.71699629477E+01,+8.16117845462E+01
1.46200000000E+09,+1.73038527542E+01,+8.20774761969E+01
1.46350000000E+09,+1.73876502646E+01,+8.25729048863E+01
1.46500000000E+09,+1.75239108904E+01,+8.30763824768E+01
1.46650000000E+09,+1.76613361355E+01,+8.35975709774E+01
1.46800000000E+09,+1.76961620584E+01,+8.40883870286E+01
1.46950000000E+09,+1.78217224705E+01,+8.46345556775E+01
1.47100000000E+09,+1.79166346923E+01,+8.50965235994E+01
1.47250000000E+09,+1.80189156966E+01,+8.56063914922E+01
1.47400000000E+09,+1.81241609616E+01,+8.61822459319E+01
1.47550000000E+09,+1.82162177221E+01,+8.67037084163E+01
1.47700000000E+09,+1.83199742549E+01,+8.72566976236E+01
1.47850000000E+09,+1.85054994228E+01,+8.78277133643E+01
1.48000000000E+09,+1.86013031319E+01,+8.83729528126E+01
1.48150000000E+09,+1.87845544907E+01,+8.89077446658E+01
1.48300000000E+09,+1.89258156189E+01,+8.94174257036E+01
1.48450000000E+09,+1.90597882097E+01,+8.99553040718E+01
1.48600000000E+09,+1.91634063011E+01,+9.05018680874E+01
1.48750000000E+09,+1.92910047605E+01,+9.11009014906E+01
1.48900000000E+09,+1.93792266281E+01,+9.16480048116E+01
1.49050000000E+09,+1.94934647963E+01,+9.22050907855E+01
1.49200000000E+09,+1.96498841722E+01,+9.28078867233E+01
1.49350000000E+09,+1.98304996878E+01,+9.34616869673E+01
1.49500000000E+09,+1.99570763537E+01,+9.40190632975E+01
1.49650000000E+09,+2.01748141635E+01,+9.46773982680E+01
1.49800000000E+09,+2.03496658211E+01,+9.52637504384E+01
1.49950000000E+09,+2.05475232895E+01,+9.59033814125E+01
1.50100000000E+09,+2.07621050891E+01,+9.65153826963E+01
1.50250000000E+09,+2.09803831273E+01,+9.71028899305E+01
1.50400000000E+09,+2.11986874463E+01,+9.76869192073E+01
1.50550000000E+09,+2.14063159308E+01,+9.82975359539E+01
1.50700000000E+09,+2.16310209670E+01,+9.89013327840E+01
1.50850000000E+09,+2.18255211224E+01,+9.95418286890E+01
1.51000000000E+09,+2.20651232389E+01,+1.00180282050E+02
1.51150000000E+09,+2.22788786380E+01,+1.00714265622E+02
1.51300000000E+09,+2.25586892890E+01,+1.01395489465E+02
1.51450000000E+09,+2.27919337610E+01,+1.02025328614E+02
1.51600000000E+09,+2.30836696986E+01,+1.02644802371E+02
1.51750000000E+09,+2.33446674700E+01,+1.03283771855E+02
1.51900000000E+09,+2.35610314458E+01,+1.03917187579E+02
1.52050000000E+09,+2.37273566000E+01,+1.04584429144E+02
1.52200000000E+09,+2.39883975589E+01,+1.05238832445E+02
1.52350000000E+09,+2.42612669620E+01,+1.05901886590E+02
1.52500000000E+09,+2.45782610923E+01,+1.06619286386E+02
1.52650000000E+09,+2.48511033667E+01,+1.07290966238E+02
1.52800000000E+09,+2.52306388109E+01,+1.08013194716E+02
1.52950000000E+09,+2.55631807717E+01,+1.08773028279E+02
1.53100000000E+09,+2.58588744245E+01,+1.09437425348E+02
1.53250000000E+09,+2.62499402145E+01,+1.10095683917E+02
1.53400000000E+09,+2.66912454263E+01,+1.10900698706E+02
1.53550000000E+09,+2.70522351238E+01,+1.11545273023E+02
1.53700000000E+09,+2.74110900729E+01,+1.12291242642E+02
1.53850000000E+09,+2.78751259419E+01,+1.13048732588E+02
1.54000000000E+09,+2.82960932449E+01,+1.13699208289E+02
1.54150000000E+09,+2.86876330453E+01,+1.14319077261E+02
1.54300000000E+09,+2.91031453288E+01,+1.14974739876E+02
1.54450000000E+09,+2.95610304340E+01,+1.15626067541E+02
1.54600000000E+09,+2.98993978106E+01,+1.16427626231E+02
1.54750000000E+09,+3.03906813071E+01,+1.17024511052E+02
1.54900000000E+09,+3.06806561913E+01,+1.17722452879E+02
1.55050000000E+09,+3.11955597768E+01,+1.18430843529E+02
1.55200000000E+09,+3.16454438437E+01,+1.19072664862E+02
1.55350000000E+09,+3.20165106482E+01,+1.19736891011E+02
1.55500000000E+09,+3.24350407001E+01,+1.20529885548E+02
1.55650000000E+09,+3.28446837573E+01,+1.21261494486E+02
1.55800000000E+09,+3.31937643726E+01,+1.21914476029E+02
1.55950000000E+09,+3.36513727297E+01,+1.22550056825E+02
1.56100000000E+09,+3.40866668987E+01,+1.23340295487E+02
1.56250000000E+09,+3.43830475074E+01,+1.23980332279E+02
1.56400000000E+09,+3.46892992982E+01,+1.24649877248E+02
1.56550000000E+09,+3.50358719494E+01,+1.25564481744E+02
1.56700000000E+09,+3.54262607562E+01,+1.26314796867E+02
1.56850000000E+09,+3.57985748306E+01,+1.27067987269E+02
1.57000000000E+09,+3.61777377345E+01,+1.27891436115E+02
1.57150000000E+09,+3.65413129152E+01,+1.28693950232E+02
1.57300000000E+09,+3.69266431727E+01,+1.29542582248E+02
1.57450000000E+09,+3.72905861227E+01,+1.30329559769E+02
1.57600000000E+09,+3.74822480602E+01,+1.31116014342E+02
1.57750000000E+09,+3.78939130545E+01,+1.32178527313E+02
1.57900000000E+09,+3.80888797111E+01,+1.32995356704E+02
1.58050000000E+09,+3.84020427497E+01,+1.33982070562E+02
1.58200000000E+09,+3.88467102801E+01,+1.35016620828E+02
1.58350000000E+09,+3.91525574724E+01,+1.36099935115E+02
1.58500000000E+09,+3.95232933492E+01,+1.37168228654E+02
1.58650000000E+09,+3.97700252811E+01,+1.38199356796E+02
1.58800000000E+09,+4.01239745962E+01,+1.39361043999E+02
1.58950000000E+09,+4.05626420032E+01,+1.40516892932E+02
1.59100000000E+09,+4.09214092395E+01,+1.41900012976E+02
1.59250000000E+09,+4.14459817857E+01,+1.43029488677E+02
1.59400000000E+09,+4.19739456441E+01,+1.44261631252E+02
1.59550000000E+09,+4.25949810758E+01,+1.45523232408E+02
1.59700000000E+09,+4.31209219375E+01,+1.46668253665E+02
1.59850000000E+09,+4.37817424590E+01,+1.47995339950E+02
1.60000000000E+09,+4.43650107833E+01,+1.49286470640E+02
